{"best/epoch": 29, "best/precision": 0.9373916045675305, "best/recall": 0.9358740685129574, "best/mAP_0.5": 0.9076148325358852, "best/mAP_0.5:0.95": 0.6542086130302445, "Labels": {"_type": "images/separated", "width": 1600, "height": 1600, "format": "jpg", "count": 2, "filenames": ["media/images/Labels_0_bf863e264ac1b92071e5.jpg", "media/images/Labels_0_e4847408365bab0e7d89.jpg"], "captions": ["labels.jpg", "labels_correlogram.jpg"]}, "train/box_loss": 0.030895447358489037, "train/obj_loss": 0.014708477072417736, "train/cls_loss": 0.0, "metrics/precision": 0.9373916045675305, "metrics/recall": 0.9358740685129574, "metrics/mAP_0.5": 0.9076148063781322, "metrics/mAP_0.5:0.95": 0.6542085672826874, "val/box_loss": 0.02732599712908268, "val/obj_loss": 0.010236579924821854, "val/cls_loss": 0.0, "x/lr0": 0.0007599999999999998, "x/lr1": 0.0007599999999999998, "x/lr2": 0.0007599999999999998, "_timestamp": 1657286415, "_runtime": 433, "_step": 30, "Mosaics": {"_type": "images/separated", "width": 1920, "height": 1920, "format": "jpg", "count": 3, "filenames": ["media/images/Mosaics_2_87729be88acb9a3f426c.jpg", "media/images/Mosaics_2_20126f119a7577d33b2c.jpg", "media/images/Mosaics_2_d69206d6a66dde3ad5c4.jpg"], "captions": ["train_batch0.jpg", "train_batch1.jpg", "train_batch2.jpg"]}, "BoundingBoxDebugger": {"_type": "images/separated", "width": 672, "height": 512, "format": "png", "count": 15, "filenames": ["media/images/BoundingBoxDebugger_29_147ff3336f1b8c670d45.png", "media/images/BoundingBoxDebugger_29_d31264c29940511189c9.png", "media/images/BoundingBoxDebugger_29_3cc76aad53f09950d61a.png", "media/images/BoundingBoxDebugger_29_55f447884ba6574cbcd9.png", "media/images/BoundingBoxDebugger_29_850ccade5e8f5b83feb9.png", "media/images/BoundingBoxDebugger_29_b520a08f0efc2dd3d66e.png", "media/images/BoundingBoxDebugger_29_fe7ffd1c555d16e2c47b.png", "media/images/BoundingBoxDebugger_29_f7889a8981ee202a7ee7.png", "media/images/BoundingBoxDebugger_29_545042095f762b9f0d66.png", "media/images/BoundingBoxDebugger_29_a28da933b22ea91af07a.png", "media/images/BoundingBoxDebugger_29_688f75f9b6aec1f36d2c.png", "media/images/BoundingBoxDebugger_29_060e838e0ff80f53f048.png", "media/images/BoundingBoxDebugger_29_5848a2a8df1a7be35f2e.png", "media/images/BoundingBoxDebugger_29_bce0c6986cf6362ca506.png", "media/images/BoundingBoxDebugger_29_24dd743c87db2bbf6580.png"], "captions": ["6Z2_4605.jpg", "6Z2_4669.jpg", "6Z2_4686.jpg", "6Z2_4699.jpg", "6Z2_4707.jpg", "6Z2_4712.jpg", "6Z2_5109.jpg", "6Z2_5472.jpg", "6Z2_5484.jpg", "6Z2_5578.jpg", "6Z2_5622.jpg", "6Z2_5662.jpg", "6Z2_5682.jpg", "msg465090405-8669.jpg", "msg465090405-8670.jpg"], "all_boxes": [{"predictions": {"_type": "boxes2D", "sha256": "e422e799be2208dde4f90f2b8536ee12dafff2d8da26a857472833346647a20b", "size": 57485, "path": "media/metadata/boxes2D/BoundingBoxDebugger_29_e422e799be2208dde4f9.boxes2D.json"}}, {"predictions": {"_type": "boxes2D", "sha256": "7dd5982fe36aa614c92a780e52ce34dea092fb4f30ff54f1a5a3bbfe236172f3", "size": 57508, "path": "media/metadata/boxes2D/BoundingBoxDebugger_29_7dd5982fe36aa614c92a.boxes2D.json"}}, {"predictions": {"_type": "boxes2D", "sha256": "32f42906c83bd4abeacde9f91e3b0a6a7c72bd4ebab3028ae378af63eed2233d", "size": 57715, "path": "media/metadata/boxes2D/BoundingBoxDebugger_29_32f42906c83bd4abeacd.boxes2D.json"}}, {"predictions": {"_type": "boxes2D", "sha256": "40421dfae0319c7da91e22b64d92d033cb1aec32c2c7a61a9f2b520470ced8e1", "size": 57621, "path": "media/metadata/boxes2D/BoundingBoxDebugger_29_40421dfae0319c7da91e.boxes2D.json"}}, {"predictions": {"_type": "boxes2D", "sha256": "1750e73302e88d3b79978b56e1841c7699b6c74d7e31a839805ef72463b0629a", "size": 57598, "path": "media/metadata/boxes2D/BoundingBoxDebugger_29_1750e73302e88d3b7997.boxes2D.json"}}, {"predictions": {"_type": "boxes2D", "sha256": "22089f8fbd8703e17e9ea7b988ffc4a8b1d6ddb4d74d1bfb491ff437e6b22ab2", "size": 57415, "path": "media/metadata/boxes2D/BoundingBoxDebugger_29_22089f8fbd8703e17e9e.boxes2D.json"}}, {"predictions": {"_type": "boxes2D", "sha256": "97040174d2ed0fd6ad53e30d2b17b62bc748d5bc04843fd6f2059c02c065a686", "size": 57864, "path": "media/metadata/boxes2D/BoundingBoxDebugger_29_97040174d2ed0fd6ad53.boxes2D.json"}}, {"predictions": {"_type": "boxes2D", "sha256": "d6f9b32791baa68b0133520304d7cfc84159a5139ef85a7a9ac1388439d8256b", "size": 36639, "path": "media/metadata/boxes2D/BoundingBoxDebugger_29_d6f9b32791baa68b0133.boxes2D.json"}}, {"predictions": {"_type": "boxes2D", "sha256": "35664eb8e14fd4e5bf002b01636f427f9910a2196a792bbdd7a97a1fe749f706", "size": 57686, "path": "media/metadata/boxes2D/BoundingBoxDebugger_29_35664eb8e14fd4e5bf00.boxes2D.json"}}, {"predictions": {"_type": "boxes2D", "sha256": "d2a984b8d1741d55ff33a188dd053c3233611ecca1312d5604028d30f899c428", "size": 57538, "path": "media/metadata/boxes2D/BoundingBoxDebugger_29_d2a984b8d1741d55ff33.boxes2D.json"}}, {"predictions": {"_type": "boxes2D", "sha256": "8e12b53da654f9fa137fe0fddb736fa42e3f959d824ad601c8a779c8fea89c44", "size": 57424, "path": "media/metadata/boxes2D/BoundingBoxDebugger_29_8e12b53da654f9fa137f.boxes2D.json"}}, {"predictions": {"_type": "boxes2D", "sha256": "87830189fcac3b11f33ff8c7b9e9b523549459e168e167fca5859eb6994b635c", "size": 57821, "path": "media/metadata/boxes2D/BoundingBoxDebugger_29_87830189fcac3b11f33f.boxes2D.json"}}, {"predictions": {"_type": "boxes2D", "sha256": "7130a2f39613a305129cc40513dcf67db8eb5594892b266a9b186952255251e5", "size": 57723, "path": "media/metadata/boxes2D/BoundingBoxDebugger_29_7130a2f39613a305129c.boxes2D.json"}}, {"predictions": {"_type": "boxes2D", "sha256": "8c0cce824ddb48e63c6d23262e129890aa7eca6e0d5fefa203e2c4bc95ecb62c", "size": 57569, "path": "media/metadata/boxes2D/BoundingBoxDebugger_29_8c0cce824ddb48e63c6d.boxes2D.json"}}, {"predictions": {"_type": "boxes2D", "sha256": "ea68e2a1badfb6e51f692dc1d2b17ffcdb81e64b24fd7fa94244b7409e1877f6", "size": 57522, "path": "media/metadata/boxes2D/BoundingBoxDebugger_29_ea68e2a1badfb6e51f69.boxes2D.json"}}]}, "Validation": {"_type": "images/separated", "width": 1920, "height": 1464, "format": "jpg", "count": 2, "filenames": ["media/images/Validation_30_7cca811db13a5af58f75.jpg", "media/images/Validation_30_0bcb3de45efa2dfa1764.jpg"], "captions": ["val_batch0_labels.jpg", "val_batch0_pred.jpg"]}, "Results": {"_type": "images/separated", "width": 2400, "height": 1200, "format": "png", "count": 6, "filenames": ["media/images/Results_30_acf45475330d2916c764.png", "media/images/Results_30_11c130122014682638bd.png", "media/images/Results_30_f006b635a172d6d48981.png", "media/images/Results_30_ec93855b507f39702214.png", "media/images/Results_30_eee6d7d0da36d89d9e51.png", "media/images/Results_30_a689d9049369eeee9797.png"], "captions": ["results.png", "confusion_matrix.png", "F1_curve.png", "PR_curve.png", "P_curve.png", "R_curve.png"]}, "_wandb": {"runtime": 431}}