{"best/epoch": 0, "best/precision": 0.9989432435688167, "best/recall": 1.0, "best/mAP_0.5": 0.995, "best/mAP_0.5:0.95": 0.9131715831712963, "Labels": {"_type": "images/separated", "width": 1600, "height": 1600, "format": "jpg", "count": 2, "filenames": ["media/images/Labels_0_21070a7f21a1ca68a19c.jpg", "media/images/Labels_0_9dadc6f6b9f7e5fdaf29.jpg"], "captions": ["labels.jpg", "labels_correlogram.jpg"]}, "Mosaics": {"_type": "images/separated", "width": 1920, "height": 1920, "format": "jpg", "count": 3, "filenames": ["media/images/Mosaics_0_bb08c3ac4d41ebadcdc3.jpg", "media/images/Mosaics_0_be6d686995a50716770f.jpg", "media/images/Mosaics_0_c609d5afbe94ac8eb56e.jpg"], "captions": ["train_batch0.jpg", "train_batch1.jpg", "train_batch2.jpg"]}, "train/box_loss": 0.012057443149387836, "train/obj_loss": 0.004730356391519308, "train/cls_loss": 0.0, "metrics/precision": 0.9989432435688167, "metrics/recall": 1.0, "metrics/mAP_0.5": 0.995, "metrics/mAP_0.5:0.95": 0.9131715831712963, "val/box_loss": 0.011647113598883152, "val/obj_loss": 0.002628530142828822, "val/cls_loss": 0.0, "x/lr0": 0.0847, "x/lr1": 0.0017000000000000001, "x/lr2": 0.0017000000000000001, "_timestamp": 1659090131, "_runtime": 67, "_step": 0}