{"best/epoch": 14, "best/precision": 0.7262952857484996, "best/recall": 0.7, "best/mAP_0.5": 0.7009986880414599, "best/mAP_0.5:0.95": 0.43354217280119334, "Labels": {"_type": "images/separated", "width": 2000, "height": 2000, "format": "jpg", "count": 2, "filenames": ["media/images/Labels_0_9889f9215a7924bbd558.jpg", "media/images/Labels_0_80df96dd5d65ed9ece24.jpg"], "captions": ["labels_correlogram.jpg", "labels.jpg"]}, "Mosaics": {"_type": "images/separated", "width": 1920, "height": 1920, "format": "jpg", "count": 3, "filenames": ["media/images/Mosaics_0_2324b1ee95be0df74c23.jpg", "media/images/Mosaics_0_93366fa0e3eeca64f0ff.jpg", "media/images/Mosaics_0_71896f49e208fef2617d.jpg"], "captions": ["train_batch0.jpg", "train_batch1.jpg", "train_batch2.jpg"]}, "train/box_loss": 0.0435529425740242, "train/obj_loss": 0.025271421298384666, "train/cls_loss": 0.0, "metrics/precision": 0.726103002650981, "metrics/recall": 0.7, "metrics/mAP_0.5": 0.7010316121118936, "metrics/mAP_0.5:0.95": 0.4399193618242864, "val/box_loss": 0.04490319639444351, "val/obj_loss": 0.01434724498540163, "val/cls_loss": 0.0, "x/lr0": 0.0014199999999999998, "x/lr1": 0.0014199999999999998, "x/lr2": 0.0014199999999999998, "BoundingBoxDebugger": {"_type": "images/separated", "width": 672, "height": 672, "format": "png", "count": 15, "filenames": ["media/images/BoundingBoxDebugger_14_356001ffffcd763da591.png", "media/images/BoundingBoxDebugger_14_bfc123b12f79a1fcb16f.png", "media/images/BoundingBoxDebugger_14_8d6b00e30467928d2799.png", "media/images/BoundingBoxDebugger_14_aa5a1fc7982cacf42cb0.png", "media/images/BoundingBoxDebugger_14_44b764d27ae0465fb717.png", "media/images/BoundingBoxDebugger_14_0852c8425eaa5748882b.png", "media/images/BoundingBoxDebugger_14_8d7d1836cacc5359a054.png", "media/images/BoundingBoxDebugger_14_938f2b9ceaed8cdd2a1a.png", "media/images/BoundingBoxDebugger_14_d37ddca0c55168bd6435.png", "media/images/BoundingBoxDebugger_14_ac4680dd12f11a3a2240.png", "media/images/BoundingBoxDebugger_14_5b4c6657c3279370d3b5.png", "media/images/BoundingBoxDebugger_14_66ce8c4693d697eae9ea.png", "media/images/BoundingBoxDebugger_14_69cf04a3361af7732dab.png", "media/images/BoundingBoxDebugger_14_2f01e633b74b3240c9c6.png", "media/images/BoundingBoxDebugger_14_4eddb1d6fdac7a649c3e.png"], "captions": ["6Z2_4688.jpg", "6Z2_4712.jpg", "6Z2_4767.jpg", "6Z2_4830.jpg", "6Z2_4847.jpg", "6Z2_4875.jpg", "6Z2_4946.jpg", "6Z2_4981.jpg", "6Z2_5109.jpg", "6Z2_5622.jpg", "6Z2_5625.jpg", "6Z2_5778.jpg", "6Z2_5038.jpg", "6Z2_5042.jpg", "6Z2_5103.jpg"], "all_boxes": [{"predictions": {"_type": "boxes2D", "sha256": "a04a41af312cb73f29016eb8973cc4dd4e68ab597a8dd98bfe4a0c4b5b30991e", "size": 71140, "path": "media/metadata/boxes2D/BoundingBoxDebugger_14_a04a41af312cb73f2901.boxes2D.json"}}, {"predictions": {"_type": "boxes2D", "sha256": "f130cdca233a6423e6d9a1f16c4c415552ce45d74fd0b43ea147e1cb387efa4d", "size": 71242, "path": "media/metadata/boxes2D/BoundingBoxDebugger_14_f130cdca233a6423e6d9.boxes2D.json"}}, {"predictions": {"_type": "boxes2D", "sha256": "e2e084540f87122534652ceb36244982f0aad4a612e9a5354e424592cb5d8f24", "size": 71227, "path": "media/metadata/boxes2D/BoundingBoxDebugger_14_e2e084540f8712253465.boxes2D.json"}}, {"predictions": {"_type": "boxes2D", "sha256": "249e117794deaf2f4738f1265f6fecb703d33ff1fb69dc73f84437015c2533b5", "size": 71132, "path": "media/metadata/boxes2D/BoundingBoxDebugger_14_249e117794deaf2f4738.boxes2D.json"}}, {"predictions": {"_type": "boxes2D", "sha256": "2dc4660f02fdba6b34bd8886f9afb8198f2e2cf3f5f56c5ea2c61eab71e03d9f", "size": 71314, "path": "media/metadata/boxes2D/BoundingBoxDebugger_14_2dc4660f02fdba6b34bd.boxes2D.json"}}, {"predictions": {"_type": "boxes2D", "sha256": "9d5cf6ebf2b56c75c031c39ba8621e2ac4b19b456277bb54e992a8a313f18da9", "size": 71257, "path": "media/metadata/boxes2D/BoundingBoxDebugger_14_9d5cf6ebf2b56c75c031.boxes2D.json"}}, {"predictions": {"_type": "boxes2D", "sha256": "4094d3584f7bb1b7b45c21755416d4a8e6596e726266e605989df509532ffcbc", "size": 71143, "path": "media/metadata/boxes2D/BoundingBoxDebugger_14_4094d3584f7bb1b7b45c.boxes2D.json"}}, {"predictions": {"_type": "boxes2D", "sha256": "b5c6829120f719e61e2375cc2475475befe11abfee2d04d1af5b6de8c8e71989", "size": 71263, "path": "media/metadata/boxes2D/BoundingBoxDebugger_14_b5c6829120f719e61e23.boxes2D.json"}}, {"predictions": {"_type": "boxes2D", "sha256": "aeec171aca1debc867eb888f866dc8dbd7ed8cb613c4c54313d94e691f466a1c", "size": 71330, "path": "media/metadata/boxes2D/BoundingBoxDebugger_14_aeec171aca1debc867eb.boxes2D.json"}}, {"predictions": {"_type": "boxes2D", "sha256": "d74a84102b687ad4f7d8eba42f994ba2c4e19485ace68f9fb44d78c2b5f0a4e1", "size": 71122, "path": "media/metadata/boxes2D/BoundingBoxDebugger_14_d74a84102b687ad4f7d8.boxes2D.json"}}, {"predictions": {"_type": "boxes2D", "sha256": "dcdcc04eba6986b375a9a872f9476a530315147b50934e1016c66159941031e8", "size": 71298, "path": "media/metadata/boxes2D/BoundingBoxDebugger_14_dcdcc04eba6986b375a9.boxes2D.json"}}, {"predictions": {"_type": "boxes2D", "sha256": "bed7ab2de67d5d7aa61477ad6f389d431b650efe30ae6470760f0d149b51b5fd", "size": 71248, "path": "media/metadata/boxes2D/BoundingBoxDebugger_14_bed7ab2de67d5d7aa614.boxes2D.json"}}, {"predictions": {"_type": "boxes2D", "sha256": "0dac748a328f95b160aac70522b5c4d1cce48acb0d23144b49c275234058addb", "size": 71214, "path": "media/metadata/boxes2D/BoundingBoxDebugger_14_0dac748a328f95b160aa.boxes2D.json"}}, {"predictions": {"_type": "boxes2D", "sha256": "65436f12425551fa0790eec8f40bdb23587c782e63663c7723edffe320adf720", "size": 71251, "path": "media/metadata/boxes2D/BoundingBoxDebugger_14_65436f12425551fa0790.boxes2D.json"}}, {"predictions": {"_type": "boxes2D", "sha256": "0f72bee31dded5b1973bc6902adc5138fd62d07e868027bf5936bf62d1b92432", "size": 71250, "path": "media/metadata/boxes2D/BoundingBoxDebugger_14_0f72bee31dded5b1973b.boxes2D.json"}}]}, "_timestamp": 1657274246, "_runtime": 1215, "_step": 15, "Validation": {"_type": "images/separated", "width": 1920, "height": 1920, "format": "jpg", "count": 2, "filenames": ["media/images/Validation_15_612eeb9e8e873891e44e.jpg", "media/images/Validation_15_8de797e17af9a95edc9b.jpg"], "captions": ["val_batch0_labels.jpg", "val_batch0_pred.jpg"]}, "Results": {"_type": "images/separated", "width": 2400, "height": 1200, "format": "png", "count": 6, "filenames": ["media/images/Results_15_fd7d5916c5046f6943a0.png", "media/images/Results_15_db0eccb6538e1b61b21f.png", "media/images/Results_15_ea24b41971fe092d51ff.png", "media/images/Results_15_16d37837828115cb921f.png", "media/images/Results_15_a6ef3c5c4d1c3002c70d.png", "media/images/Results_15_8b27d61fdd25a51f15c6.png"], "captions": ["results.png", "confusion_matrix.png", "F1_curve.png", "PR_curve.png", "P_curve.png", "R_curve.png"]}, "_wandb": {"runtime": 1215}}