{"best/epoch": 121, "best/precision": 0.9337461905567016, "best/recall": 0.9375, "best/mAP_0.5": 0.9259615384615384, "best/mAP_0.5:0.95": 0.8277299183330328, "Labels": {"_type": "images/separated", "width": 1600, "height": 1600, "format": "jpg", "count": 2, "filenames": ["media/images/Labels_0_bf863e264ac1b92071e5.jpg", "media/images/Labels_0_e4847408365bab0e7d89.jpg"], "captions": ["labels.jpg", "labels_correlogram.jpg"]}, "train/box_loss": 0.017102785408496857, "train/obj_loss": 0.005418003536760807, "train/cls_loss": 0.0, "metrics/precision": 0.9337439802045732, "metrics/recall": 0.9375, "metrics/mAP_0.5": 0.9263235294117648, "metrics/mAP_0.5:0.95": 0.8275650958271761, "val/box_loss": 0.014685398899018764, "val/obj_loss": 0.00535954162478447, "val/cls_loss": 0.0, "x/lr0": 0.005644000000000001, "x/lr1": 0.005644000000000001, "x/lr2": 0.005644000000000001, "_timestamp": 1657370423, "_runtime": 2885, "_step": 222, "Mosaics": {"_type": "images/separated", "width": 1920, "height": 1920, "format": "jpg", "count": 3, "filenames": ["media/images/Mosaics_2_0926302bf3e542e42f7a.jpg", "media/images/Mosaics_2_82b88a7954ececb07078.jpg", "media/images/Mosaics_2_c7c41da448a94185edff.jpg"], "captions": ["train_batch0.jpg", "train_batch1.jpg", "train_batch2.jpg"]}, "BoundingBoxDebugger": {"_type": "images/separated", "width": 672, "height": 512, "format": "png", "count": 15, "filenames": ["media/images/BoundingBoxDebugger_199_147ff3336f1b8c670d45.png", "media/images/BoundingBoxDebugger_199_d31264c29940511189c9.png", "media/images/BoundingBoxDebugger_199_3cc76aad53f09950d61a.png", "media/images/BoundingBoxDebugger_199_55f447884ba6574cbcd9.png", "media/images/BoundingBoxDebugger_199_850ccade5e8f5b83feb9.png", "media/images/BoundingBoxDebugger_199_b520a08f0efc2dd3d66e.png", "media/images/BoundingBoxDebugger_199_fe7ffd1c555d16e2c47b.png", "media/images/BoundingBoxDebugger_199_f7889a8981ee202a7ee7.png", "media/images/BoundingBoxDebugger_199_545042095f762b9f0d66.png", "media/images/BoundingBoxDebugger_199_a28da933b22ea91af07a.png", "media/images/BoundingBoxDebugger_199_688f75f9b6aec1f36d2c.png", "media/images/BoundingBoxDebugger_199_060e838e0ff80f53f048.png", "media/images/BoundingBoxDebugger_199_5848a2a8df1a7be35f2e.png", "media/images/BoundingBoxDebugger_199_bce0c6986cf6362ca506.png", "media/images/BoundingBoxDebugger_199_24dd743c87db2bbf6580.png"], "captions": ["6Z2_4605.jpg", "6Z2_4669.jpg", "6Z2_4686.jpg", "6Z2_4699.jpg", "6Z2_4707.jpg", "6Z2_4712.jpg", "6Z2_5109.jpg", "6Z2_5472.jpg", "6Z2_5484.jpg", "6Z2_5578.jpg", "6Z2_5622.jpg", "6Z2_5662.jpg", "6Z2_5682.jpg", "msg465090405-8669.jpg", "msg465090405-8670.jpg"], "all_boxes": [{"predictions": {"_type": "boxes2D", "sha256": "5554f2322e00c8a6109fd7e3e0d2559625f376f4c25d88cd0eb682898f531f04", "size": 1009, "path": "media/metadata/boxes2D/BoundingBoxDebugger_199_5554f2322e00c8a6109f.boxes2D.json"}}, {"predictions": {"_type": "boxes2D", "sha256": "21c59722a4e16e77640920d3a79764d60dbf22a80a3103f3fc6e41ae38b351bd", "size": 1173, "path": "media/metadata/boxes2D/BoundingBoxDebugger_199_21c59722a4e16e776409.boxes2D.json"}}, {"predictions": {"_type": "boxes2D", "sha256": "e8708bd7708204bb456036c9769579b4c67311ba77a2acd015102a712d13e86d", "size": 791, "path": "media/metadata/boxes2D/BoundingBoxDebugger_199_e8708bd7708204bb4560.boxes2D.json"}}, {"predictions": {"_type": "boxes2D", "sha256": "44ab8ea9f892792c55290c15bded25d1b857f4048a3fd8a652f95f25f4d579a2", "size": 1193, "path": "media/metadata/boxes2D/BoundingBoxDebugger_199_44ab8ea9f892792c5529.boxes2D.json"}}, {"predictions": {"_type": "boxes2D", "sha256": "5a0327d79e838beb387a5f490f72f38a9bfd31398b4f51f317884fabf728eab4", "size": 989, "path": "media/metadata/boxes2D/BoundingBoxDebugger_199_5a0327d79e838beb387a.boxes2D.json"}}, {"predictions": {"_type": "boxes2D", "sha256": "321de92f695bf5254d6295be3beb9726373834c5ff994298e936b1608d0cb3b3", "size": 1373, "path": "media/metadata/boxes2D/BoundingBoxDebugger_199_321de92f695bf5254d62.boxes2D.json"}}, {"predictions": {"_type": "boxes2D", "sha256": "28697bcec1b65bf5368da2aad72597a2f2fa443f30627c0ea64d54546456c923", "size": 1752, "path": "media/metadata/boxes2D/BoundingBoxDebugger_199_28697bcec1b65bf5368d.boxes2D.json"}}, {"predictions": {"_type": "boxes2D", "sha256": "86f2ffed428c86611aad857fe23dec7a2aa8fd8545216135fc10ad6da7a1f8bb", "size": 608, "path": "media/metadata/boxes2D/BoundingBoxDebugger_199_86f2ffed428c86611aad.boxes2D.json"}}, {"predictions": {"_type": "boxes2D", "sha256": "1dfb08cdb04b6a10eedc096abb538f1d54b879f10c67ea15aa014df46da77684", "size": 807, "path": "media/metadata/boxes2D/BoundingBoxDebugger_199_1dfb08cdb04b6a10eedc.boxes2D.json"}}, {"predictions": {"_type": "boxes2D", "sha256": "dcde6f09a7d6cd024189eaa44dfc0cccce059c10ea5afb8d176b3ae44c2a4e1e", "size": 419, "path": "media/metadata/boxes2D/BoundingBoxDebugger_199_dcde6f09a7d6cd024189.boxes2D.json"}}, {"predictions": {"_type": "boxes2D", "sha256": "a3be1581c653994a2062dcc5aa58ef79913580ad0411b7e7b77ffd927d380cba", "size": 791, "path": "media/metadata/boxes2D/BoundingBoxDebugger_199_a3be1581c653994a2062.boxes2D.json"}}, {"predictions": {"_type": "boxes2D", "sha256": "5c6c7ace5a03530b9d461ff44ef71b6fa88b7cfeb44a8e25753fd5d98fa1fae1", "size": 987, "path": "media/metadata/boxes2D/BoundingBoxDebugger_199_5c6c7ace5a03530b9d46.boxes2D.json"}}, {"predictions": {"_type": "boxes2D", "sha256": "81886b4270bb680c4c3d0ad9f628ab1a9c2779a8cf15cc011d3fd28ef263a192", "size": 610, "path": "media/metadata/boxes2D/BoundingBoxDebugger_199_81886b4270bb680c4c3d.boxes2D.json"}}, {"predictions": {"_type": "boxes2D", "sha256": "f51bab112c2acbf85ecc6c1a2fa83fdbf49a29cdd8eda5cd39ca4eae8e09adc8", "size": 1566, "path": "media/metadata/boxes2D/BoundingBoxDebugger_199_f51bab112c2acbf85ecc.boxes2D.json"}}, {"predictions": {"_type": "boxes2D", "sha256": "a8b53d08c632a6089db0888fbefb3db67419a8fc081b92ef9b3a76e46d359c22", "size": 428, "path": "media/metadata/boxes2D/BoundingBoxDebugger_199_a8b53d08c632a6089db0.boxes2D.json"}}]}, "Validation": {"_type": "images/separated", "width": 1920, "height": 1464, "format": "jpg", "count": 2, "filenames": ["media/images/Validation_222_7cca811db13a5af58f75.jpg", "media/images/Validation_222_9b274c872bfb121449bb.jpg"], "captions": ["val_batch0_labels.jpg", "val_batch0_pred.jpg"]}, "Results": {"_type": "images/separated", "width": 2400, "height": 1200, "format": "png", "count": 6, "filenames": ["media/images/Results_222_c58a78cb790d0355d3bc.png", "media/images/Results_222_11c130122014682638bd.png", "media/images/Results_222_d9b5cb3b86a801f4f94a.png", "media/images/Results_222_44dde2d64b9757b5994e.png", "media/images/Results_222_6a3c0088bf8c9769ccd9.png", "media/images/Results_222_bf3a7475b95de9381975.png"], "captions": ["results.png", "confusion_matrix.png", "F1_curve.png", "PR_curve.png", "P_curve.png", "R_curve.png"]}, "_wandb": {"runtime": 2886}}