{"best/epoch": 3, "best/precision": 0.9986302904061393, "best/recall": 1.0, "best/mAP_0.5": 0.995, "best/mAP_0.5:0.95": 0.8750998841559549, "Labels": {"_type": "images/separated", "width": 1600, "height": 1600, "format": "jpg", "count": 2, "filenames": ["media/images/Labels_0_48995ab09ba9064607db.jpg", "media/images/Labels_0_0fe379b647be004046ee.jpg"], "captions": ["labels.jpg", "labels_correlogram.jpg"]}, "train/box_loss": 0.0177362821996212, "train/obj_loss": 0.006194873712956905, "train/cls_loss": 0.0, "metrics/precision": 0.9981516125831935, "metrics/recall": 0.9787234042553191, "metrics/mAP_0.5": 0.9941836734693877, "metrics/mAP_0.5:0.95": 0.8577589254449256, "val/box_loss": 0.013397987000644207, "val/obj_loss": 0.003563083941116929, "val/cls_loss": 0.0, "x/lr0": 0.0042580000000000005, "x/lr1": 0.0042580000000000005, "x/lr2": 0.0042580000000000005, "_timestamp": 1657374294, "_runtime": 941, "_step": 30, "Mosaics": {"_type": "images/separated", "width": 1920, "height": 1920, "format": "jpg", "count": 3, "filenames": ["media/images/Mosaics_2_a03e0a607ad706689ea9.jpg", "media/images/Mosaics_2_8c9809157f9d35280d83.jpg", "media/images/Mosaics_2_8ee80252b4e1cd361d3e.jpg"], "captions": ["train_batch0.jpg", "train_batch1.jpg", "train_batch2.jpg"]}, "BoundingBoxDebugger": {"_type": "images/separated", "width": 672, "height": 672, "format": "png", "count": 9, "filenames": ["media/images/BoundingBoxDebugger_29_3db86990d748ee8f40b4.png", "media/images/BoundingBoxDebugger_29_a49e7ee96ee5bccabf88.png", "media/images/BoundingBoxDebugger_29_cd4e540925d6f1e5ee8b.png", "media/images/BoundingBoxDebugger_29_9203255a8d210df31d88.png", "media/images/BoundingBoxDebugger_29_f41938e8c8c2e70daabf.png", "media/images/BoundingBoxDebugger_29_ac4680dd12f11a3a2240.png", "media/images/BoundingBoxDebugger_29_d5ac2a15a9ada8b3aae9.png", "media/images/BoundingBoxDebugger_29_42d23ed5af25ea4df6fb.png", "media/images/BoundingBoxDebugger_29_32d580993df926d1da9d.png"], "captions": ["6Z2_4608.jpg", "6Z2_5480.jpg", "6Z2_5425.jpg", "6Z2_5505.jpg", "6Z2_5508.jpg", "6Z2_5622.jpg", "6Z2_5662.jpg", "6Z2_5672.jpg", "6Z2_5682.jpg"], "all_boxes": [{"predictions": {"_type": "boxes2D", "sha256": "a72b8c5ddd02b55024043b02e8037c5e7d3e785d738b7cb0487198ab45c48d75", "size": 2146, "path": "media/metadata/boxes2D/BoundingBoxDebugger_29_a72b8c5ddd02b5502404.boxes2D.json"}}, {"predictions": {"_type": "boxes2D", "sha256": "db6810633c12ea07d7faff21cf511fff1528733e5c43d8962105dada6cb219c6", "size": 1174, "path": "media/metadata/boxes2D/BoundingBoxDebugger_29_db6810633c12ea07d7fa.boxes2D.json"}}, {"predictions": {"_type": "boxes2D", "sha256": "f446825b088de89608db28604ca1deb7f06d6b20a48d64ef5a082483810204b1", "size": 1554, "path": "media/metadata/boxes2D/BoundingBoxDebugger_29_f446825b088de89608db.boxes2D.json"}}, {"predictions": {"_type": "boxes2D", "sha256": "0c16ba60a26de3b348e0d917986908c828eb446f73b757ce9d46642827a9c612", "size": 2692, "path": "media/metadata/boxes2D/BoundingBoxDebugger_29_0c16ba60a26de3b348e0.boxes2D.json"}}, {"predictions": {"_type": "boxes2D", "sha256": "1c05cdd760a6cd7542d955046a31d2659b10841d6579a6e757a21a4aa2b24df7", "size": 2149, "path": "media/metadata/boxes2D/BoundingBoxDebugger_29_1c05cdd760a6cd7542d9.boxes2D.json"}}, {"predictions": {"_type": "boxes2D", "sha256": "d8f3087e21bbae89ab26e8772122f3601991955fc1e57966800658dac989ece4", "size": 1562, "path": "media/metadata/boxes2D/BoundingBoxDebugger_29_d8f3087e21bbae89ab26.boxes2D.json"}}, {"predictions": {"_type": "boxes2D", "sha256": "ff7e298c6f157499f1a6c40f09ae473106036a9cbdc2ced316116530d5329db3", "size": 1571, "path": "media/metadata/boxes2D/BoundingBoxDebugger_29_ff7e298c6f157499f1a6.boxes2D.json"}}, {"predictions": {"_type": "boxes2D", "sha256": "a209f848ec916532515ff8afdb8a90bdc8866dff2089c22040b030e0ac81ecbc", "size": 4246, "path": "media/metadata/boxes2D/BoundingBoxDebugger_29_a209f848ec916532515f.boxes2D.json"}}, {"predictions": {"_type": "boxes2D", "sha256": "f7c9a2cbd80f901b1c55f56905199c961dba2e7ff116ad2d07e67b96b27f5f33", "size": 1741, "path": "media/metadata/boxes2D/BoundingBoxDebugger_29_f7c9a2cbd80f901b1c55.boxes2D.json"}}]}, "_wandb": {"runtime": 943}}