{"best/epoch": 194, "best/precision": 0.9344905646063466, "best/recall": 0.9375, "best/mAP_0.5": 0.885615099009901, "best/mAP_0.5:0.95": 0.8382338189533239, "Labels": {"_type": "images/separated", "width": 1600, "height": 1600, "format": "jpg", "count": 2, "filenames": ["media/images/Labels_0_bf863e264ac1b92071e5.jpg", "media/images/Labels_0_e4847408365bab0e7d89.jpg"], "captions": ["labels.jpg", "labels_correlogram.jpg"]}, "train/box_loss": 0.009894415736198425, "train/obj_loss": 0.004904594738036394, "train/cls_loss": 0.0, "metrics/precision": 0.9344905646063466, "metrics/recall": 0.9375, "metrics/mAP_0.5": 0.885615099009901, "metrics/mAP_0.5:0.95": 0.8382338189533239, "val/box_loss": 0.011925697326660156, "val/obj_loss": 0.005308457184582949, "val/cls_loss": 0.0, "x/lr0": 0.0001990000000000001, "x/lr1": 0.0001990000000000001, "x/lr2": 0.0001990000000000001, "_timestamp": 1657361645, "_runtime": 2611, "_step": 200, "Mosaics": {"_type": "images/separated", "width": 1920, "height": 1920, "format": "jpg", "count": 3, "filenames": ["media/images/Mosaics_2_0926302bf3e542e42f7a.jpg", "media/images/Mosaics_2_82b88a7954ececb07078.jpg", "media/images/Mosaics_2_c7c41da448a94185edff.jpg"], "captions": ["train_batch0.jpg", "train_batch1.jpg", "train_batch2.jpg"]}, "BoundingBoxDebugger": {"_type": "images/separated", "width": 672, "height": 512, "format": "png", "count": 15, "filenames": ["media/images/BoundingBoxDebugger_199_147ff3336f1b8c670d45.png", "media/images/BoundingBoxDebugger_199_d31264c29940511189c9.png", "media/images/BoundingBoxDebugger_199_3cc76aad53f09950d61a.png", "media/images/BoundingBoxDebugger_199_55f447884ba6574cbcd9.png", "media/images/BoundingBoxDebugger_199_850ccade5e8f5b83feb9.png", "media/images/BoundingBoxDebugger_199_b520a08f0efc2dd3d66e.png", "media/images/BoundingBoxDebugger_199_fe7ffd1c555d16e2c47b.png", "media/images/BoundingBoxDebugger_199_f7889a8981ee202a7ee7.png", "media/images/BoundingBoxDebugger_199_545042095f762b9f0d66.png", "media/images/BoundingBoxDebugger_199_a28da933b22ea91af07a.png", "media/images/BoundingBoxDebugger_199_688f75f9b6aec1f36d2c.png", "media/images/BoundingBoxDebugger_199_060e838e0ff80f53f048.png", "media/images/BoundingBoxDebugger_199_5848a2a8df1a7be35f2e.png", "media/images/BoundingBoxDebugger_199_bce0c6986cf6362ca506.png", "media/images/BoundingBoxDebugger_199_24dd743c87db2bbf6580.png"], "captions": ["6Z2_4605.jpg", "6Z2_4669.jpg", "6Z2_4686.jpg", "6Z2_4699.jpg", "6Z2_4707.jpg", "6Z2_4712.jpg", "6Z2_5109.jpg", "6Z2_5472.jpg", "6Z2_5484.jpg", "6Z2_5578.jpg", "6Z2_5622.jpg", "6Z2_5662.jpg", "6Z2_5682.jpg", "msg465090405-8669.jpg", "msg465090405-8670.jpg"], "all_boxes": [{"predictions": {"_type": "boxes2D", "sha256": "4dd891dc8975f6597481f5503dd462cb535ac4319c931f676d6c5e8868ece74f", "size": 997, "path": "media/metadata/boxes2D/BoundingBoxDebugger_199_4dd891dc8975f6597481.boxes2D.json"}}, {"predictions": {"_type": "boxes2D", "sha256": "9cb993c36cf1b29305d0beac4dfb91b00e4390238ab7658e427fc8508094ccf7", "size": 795, "path": "media/metadata/boxes2D/BoundingBoxDebugger_199_9cb993c36cf1b29305d0.boxes2D.json"}}, {"predictions": {"_type": "boxes2D", "sha256": "782626d11da5ecd22f7450c766c95af8dc146756c316a60ee3549371b7585043", "size": 1568, "path": "media/metadata/boxes2D/BoundingBoxDebugger_199_782626d11da5ecd22f74.boxes2D.json"}}, {"predictions": {"_type": "boxes2D", "sha256": "91701e5e9950ebfea9a54e01870c7b9ecbb8ef52a652513637f61e6b1e0422b0", "size": 1574, "path": "media/metadata/boxes2D/BoundingBoxDebugger_199_91701e5e9950ebfea9a5.boxes2D.json"}}, {"predictions": {"_type": "boxes2D", "sha256": "d0e1292317a52144655e51d1a1a69bd3fec4e5ad5f4169cdad08397810429c16", "size": 1580, "path": "media/metadata/boxes2D/BoundingBoxDebugger_199_d0e1292317a52144655e.boxes2D.json"}}, {"predictions": {"_type": "boxes2D", "sha256": "784f2472fb8b2baa089800fd96c91353c2599a242b6bd13f0bbbcbe1e3599264", "size": 2534, "path": "media/metadata/boxes2D/BoundingBoxDebugger_199_784f2472fb8b2baa0898.boxes2D.json"}}, {"predictions": {"_type": "boxes2D", "sha256": "0bd805af0c8f0a9f3758b88ff29c98ec15c2f23ff9594545a075f3659e57c8e0", "size": 1765, "path": "media/metadata/boxes2D/BoundingBoxDebugger_199_0bd805af0c8f0a9f3758.boxes2D.json"}}, {"predictions": {"_type": "boxes2D", "sha256": "1162b2094514cfc02cf967751c45418badd598e6471237f4d2a53da22ca3c499", "size": 425, "path": "media/metadata/boxes2D/BoundingBoxDebugger_199_1162b2094514cfc02cf9.boxes2D.json"}}, {"predictions": {"_type": "boxes2D", "sha256": "91713a484ee26e752683be5599d45c49c3d200b462bee85f5ee0645b7391ed37", "size": 997, "path": "media/metadata/boxes2D/BoundingBoxDebugger_199_91713a484ee26e752683.boxes2D.json"}}, {"predictions": {"_type": "boxes2D", "sha256": "ba3ede22424dca0dca0d47e0ffa13f0317b0b28169d969c001a1e51b14699399", "size": 1184, "path": "media/metadata/boxes2D/BoundingBoxDebugger_199_ba3ede22424dca0dca0d.boxes2D.json"}}, {"predictions": {"_type": "boxes2D", "sha256": "0103652ea17154942c34e0cc79533cc06f5e8b929619ee41f68b8883ca3d2434", "size": 1743, "path": "media/metadata/boxes2D/BoundingBoxDebugger_199_0103652ea17154942c34.boxes2D.json"}}, {"predictions": {"_type": "boxes2D", "sha256": "7801c0a4e01a94d9805dfa5560e441786488689b523d23e6b9c96234b1a98d6d", "size": 602, "path": "media/metadata/boxes2D/BoundingBoxDebugger_199_7801c0a4e01a94d9805d.boxes2D.json"}}, {"predictions": {"_type": "boxes2D", "sha256": "23cd30a2328e2b0a67bccd4b1f82d1f6e5c223b07acda61f722439b78cef77e7", "size": 798, "path": "media/metadata/boxes2D/BoundingBoxDebugger_199_23cd30a2328e2b0a67bc.boxes2D.json"}}, {"predictions": {"_type": "boxes2D", "sha256": "989ad3cec600bbf787330947f810e411078289f00caf50eba6e9aa13a31348bd", "size": 1185, "path": "media/metadata/boxes2D/BoundingBoxDebugger_199_989ad3cec600bbf78733.boxes2D.json"}}, {"predictions": {"_type": "boxes2D", "sha256": "dba939f2bd2ffa793115373dc1f2528983f510462be03494c6b053f2c4274b7b", "size": 808, "path": "media/metadata/boxes2D/BoundingBoxDebugger_199_dba939f2bd2ffa793115.boxes2D.json"}}]}, "Validation": {"_type": "images/separated", "width": 1920, "height": 1464, "format": "jpg", "count": 2, "filenames": ["media/images/Validation_200_7cca811db13a5af58f75.jpg", "media/images/Validation_200_1509e3d0b3d774e73127.jpg"], "captions": ["val_batch0_labels.jpg", "val_batch0_pred.jpg"]}, "Results": {"_type": "images/separated", "width": 2400, "height": 1200, "format": "png", "count": 6, "filenames": ["media/images/Results_200_8965a2a50458e367d877.png", "media/images/Results_200_11c130122014682638bd.png", "media/images/Results_200_69a746973dfe94c657d0.png", "media/images/Results_200_65c51e904b1ab531d66f.png", "media/images/Results_200_507f58f80695b42dd311.png", "media/images/Results_200_4ce94df7c24818600b97.png"], "captions": ["results.png", "confusion_matrix.png", "F1_curve.png", "PR_curve.png", "P_curve.png", "R_curve.png"]}, "_wandb": {"runtime": 2611}}