{"best/epoch": 99, "best/precision": 0.9343961998756461, "best/recall": 0.9375, "best/mAP_0.5": 0.9303474576271188, "best/mAP_0.5:0.95": 0.857996966101695, "Labels": {"_type": "images/separated", "width": 1600, "height": 1600, "format": "jpg", "count": 2, "filenames": ["media/images/Labels_0_bf863e264ac1b92071e5.jpg", "media/images/Labels_0_e4847408365bab0e7d89.jpg"], "captions": ["labels.jpg", "labels_correlogram.jpg"]}, "train/box_loss": 0.01296168752014637, "train/obj_loss": 0.00643017515540123, "train/cls_loss": 0.0, "metrics/precision": 0.9343961998756461, "metrics/recall": 0.9375, "metrics/mAP_0.5": 0.9303156424581006, "metrics/mAP_0.5:0.95": 0.857956497206704, "val/box_loss": 0.012918159365653992, "val/obj_loss": 0.005511076655238867, "val/cls_loss": 0.0, "x/lr0": 0.0002980000000000002, "x/lr1": 0.0002980000000000002, "x/lr2": 0.0002980000000000002, "_timestamp": 1657287926, "_runtime": 1305, "_step": 100, "Mosaics": {"_type": "images/separated", "width": 1920, "height": 1920, "format": "jpg", "count": 3, "filenames": ["media/images/Mosaics_2_87729be88acb9a3f426c.jpg", "media/images/Mosaics_2_20126f119a7577d33b2c.jpg", "media/images/Mosaics_2_d69206d6a66dde3ad5c4.jpg"], "captions": ["train_batch0.jpg", "train_batch1.jpg", "train_batch2.jpg"]}, "BoundingBoxDebugger": {"_type": "images/separated", "width": 672, "height": 512, "format": "png", "count": 15, "filenames": ["media/images/BoundingBoxDebugger_99_147ff3336f1b8c670d45.png", "media/images/BoundingBoxDebugger_99_d31264c29940511189c9.png", "media/images/BoundingBoxDebugger_99_3cc76aad53f09950d61a.png", "media/images/BoundingBoxDebugger_99_55f447884ba6574cbcd9.png", "media/images/BoundingBoxDebugger_99_850ccade5e8f5b83feb9.png", "media/images/BoundingBoxDebugger_99_b520a08f0efc2dd3d66e.png", "media/images/BoundingBoxDebugger_99_fe7ffd1c555d16e2c47b.png", "media/images/BoundingBoxDebugger_99_f7889a8981ee202a7ee7.png", "media/images/BoundingBoxDebugger_99_545042095f762b9f0d66.png", "media/images/BoundingBoxDebugger_99_a28da933b22ea91af07a.png", "media/images/BoundingBoxDebugger_99_688f75f9b6aec1f36d2c.png", "media/images/BoundingBoxDebugger_99_060e838e0ff80f53f048.png", "media/images/BoundingBoxDebugger_99_5848a2a8df1a7be35f2e.png", "media/images/BoundingBoxDebugger_99_bce0c6986cf6362ca506.png", "media/images/BoundingBoxDebugger_99_24dd743c87db2bbf6580.png"], "captions": ["6Z2_4605.jpg", "6Z2_4669.jpg", "6Z2_4686.jpg", "6Z2_4699.jpg", "6Z2_4707.jpg", "6Z2_4712.jpg", "6Z2_5109.jpg", "6Z2_5472.jpg", "6Z2_5484.jpg", "6Z2_5578.jpg", "6Z2_5622.jpg", "6Z2_5662.jpg", "6Z2_5682.jpg", "msg465090405-8669.jpg", "msg465090405-8670.jpg"], "all_boxes": [{"predictions": {"_type": "boxes2D", "sha256": "941b76d211e4a2a425c3a4fb28f62be0c65f481e97871128b9e299207605d56c", "size": 2143, "path": "media/metadata/boxes2D/BoundingBoxDebugger_99_941b76d211e4a2a425c3.boxes2D.json"}}, {"predictions": {"_type": "boxes2D", "sha256": "23b3472b6ff6acfd284bd9d70bca2f5ef092af5b413537519ea17ae78c1901e6", "size": 1924, "path": "media/metadata/boxes2D/BoundingBoxDebugger_99_23b3472b6ff6acfd284b.boxes2D.json"}}, {"predictions": {"_type": "boxes2D", "sha256": "107d8aa41b111bbb68f0ab82fee7c6cf009e1cc210a6cb13558188cccc22ef8a", "size": 1940, "path": "media/metadata/boxes2D/BoundingBoxDebugger_99_107d8aa41b111bbb68f0.boxes2D.json"}}, {"predictions": {"_type": "boxes2D", "sha256": "e592162eef4b42c7580ac2eb73037c6e139f3b027c521ba90733deaba5c2e8f2", "size": 2918, "path": "media/metadata/boxes2D/BoundingBoxDebugger_99_e592162eef4b42c7580a.boxes2D.json"}}, {"predictions": {"_type": "boxes2D", "sha256": "946f955ab4d62a5902ee98b5ee84cc447ac614799a18aa6653a09522103f732b", "size": 2354, "path": "media/metadata/boxes2D/BoundingBoxDebugger_99_946f955ab4d62a5902ee.boxes2D.json"}}, {"predictions": {"_type": "boxes2D", "sha256": "f2be1adb61d72f383eaccbdd1ba0e3c9f37fd9c62fa6c825d365fdbe54b4c7ae", "size": 4849, "path": "media/metadata/boxes2D/BoundingBoxDebugger_99_f2be1adb61d72f383eac.boxes2D.json"}}, {"predictions": {"_type": "boxes2D", "sha256": "55b32048a00466291057ab2567e69629f77f9bce1ad731fa75cdab65f1888692", "size": 2136, "path": "media/metadata/boxes2D/BoundingBoxDebugger_99_55b32048a00466291057.boxes2D.json"}}, {"predictions": {"_type": "boxes2D", "sha256": "1268fc6e6c56a40182af6c3872ff667a0e52413d97787e04dde8170ca5397674", "size": 1779, "path": "media/metadata/boxes2D/BoundingBoxDebugger_99_1268fc6e6c56a40182af.boxes2D.json"}}, {"predictions": {"_type": "boxes2D", "sha256": "2f361f4614feb9696b7d01a5e29c39caefc3ec5ba44c1c77224013667f1798b1", "size": 421, "path": "media/metadata/boxes2D/BoundingBoxDebugger_99_2f361f4614feb9696b7d.boxes2D.json"}}, {"predictions": {"_type": "boxes2D", "sha256": "b0c9e9b6e8699bfc8f7a73787b07fea7ba7c8b4d9d9214f1cccb0cb38a3ad6a9", "size": 792, "path": "media/metadata/boxes2D/BoundingBoxDebugger_99_b0c9e9b6e8699bfc8f7a.boxes2D.json"}}, {"predictions": {"_type": "boxes2D", "sha256": "538e789fabe334fa0ad085fac10c8cb1f326857b5001077542ad1d8a5383fee3", "size": 1751, "path": "media/metadata/boxes2D/BoundingBoxDebugger_99_538e789fabe334fa0ad0.boxes2D.json"}}, {"predictions": {"_type": "boxes2D", "sha256": "39200f65ca6972b9d7761b6b732203227e3057b5289b124ae8367ac9a92af722", "size": 1382, "path": "media/metadata/boxes2D/BoundingBoxDebugger_99_39200f65ca6972b9d776.boxes2D.json"}}, {"predictions": {"_type": "boxes2D", "sha256": "b4580e021183e1b0296356b99289d46485c54838f9b4a5ab4ab845b3144c7f22", "size": 3907, "path": "media/metadata/boxes2D/BoundingBoxDebugger_99_b4580e021183e1b02963.boxes2D.json"}}, {"predictions": {"_type": "boxes2D", "sha256": "40d0952685d53f2a60103b9d0b595c4caaeab039af9ed7446dd0b555ec468833", "size": 3496, "path": "media/metadata/boxes2D/BoundingBoxDebugger_99_40d0952685d53f2a6010.boxes2D.json"}}, {"predictions": {"_type": "boxes2D", "sha256": "d0594fad043852638bfb43f4709ebf9957bd76b4d315ef3372bb0450f2ce6121", "size": 2726, "path": "media/metadata/boxes2D/BoundingBoxDebugger_99_d0594fad043852638bfb.boxes2D.json"}}]}, "Validation": {"_type": "images/separated", "width": 1920, "height": 1464, "format": "jpg", "count": 2, "filenames": ["media/images/Validation_100_7cca811db13a5af58f75.jpg", "media/images/Validation_100_da87a6b19baf2db79727.jpg"], "captions": ["val_batch0_labels.jpg", "val_batch0_pred.jpg"]}, "Results": {"_type": "images/separated", "width": 2400, "height": 1200, "format": "png", "count": 6, "filenames": ["media/images/Results_100_8734301bf7af640d12af.png", "media/images/Results_100_11c130122014682638bd.png", "media/images/Results_100_5a3837ef1a6e4ed5b2c0.png", "media/images/Results_100_e392832b05180b411322.png", "media/images/Results_100_8f7685fa10298136fd35.png", "media/images/Results_100_3f2a65c1e56e141a90cd.png"], "captions": ["results.png", "confusion_matrix.png", "F1_curve.png", "PR_curve.png", "P_curve.png", "R_curve.png"]}, "_wandb": {"runtime": 1306}}