{"best/epoch": 33, "best/precision": 0.9374545148516149, "best/recall": 0.9368177227742241, "best/mAP_0.5": 0.9194723282442748, "best/mAP_0.5:0.95": 0.8268810481215387, "Labels": {"_type": "images/separated", "width": 1600, "height": 1600, "format": "jpg", "count": 2, "filenames": ["media/images/Labels_0_bf863e264ac1b92071e5.jpg", "media/images/Labels_0_e4847408365bab0e7d89.jpg"], "captions": ["labels.jpg", "labels_correlogram.jpg"]}, "train/box_loss": 0.011409932747483253, "train/obj_loss": 0.004973717965185642, "train/cls_loss": 0.0, "metrics/precision": 0.9374589443659578, "metrics/recall": 0.9368841654893665, "metrics/mAP_0.5": 0.9157519230769231, "metrics/mAP_0.5:0.95": 0.8230965988227462, "val/box_loss": 0.015023131854832172, "val/obj_loss": 0.005866270512342453, "val/cls_loss": 0.0, "x/lr0": 0.0004960000000000005, "x/lr1": 0.0004960000000000005, "x/lr2": 0.0004960000000000005, "_timestamp": 1657372423, "_runtime": 696, "_step": 50, "Mosaics": {"_type": "images/separated", "width": 1920, "height": 1920, "format": "jpg", "count": 3, "filenames": ["media/images/Mosaics_2_0926302bf3e542e42f7a.jpg", "media/images/Mosaics_2_82b88a7954ececb07078.jpg", "media/images/Mosaics_2_c7c41da448a94185edff.jpg"], "captions": ["train_batch0.jpg", "train_batch1.jpg", "train_batch2.jpg"]}, "BoundingBoxDebugger": {"_type": "images/separated", "width": 672, "height": 512, "format": "png", "count": 15, "filenames": ["media/images/BoundingBoxDebugger_49_147ff3336f1b8c670d45.png", "media/images/BoundingBoxDebugger_49_d31264c29940511189c9.png", "media/images/BoundingBoxDebugger_49_3cc76aad53f09950d61a.png", "media/images/BoundingBoxDebugger_49_55f447884ba6574cbcd9.png", "media/images/BoundingBoxDebugger_49_850ccade5e8f5b83feb9.png", "media/images/BoundingBoxDebugger_49_b520a08f0efc2dd3d66e.png", "media/images/BoundingBoxDebugger_49_fe7ffd1c555d16e2c47b.png", "media/images/BoundingBoxDebugger_49_f7889a8981ee202a7ee7.png", "media/images/BoundingBoxDebugger_49_545042095f762b9f0d66.png", "media/images/BoundingBoxDebugger_49_a28da933b22ea91af07a.png", "media/images/BoundingBoxDebugger_49_688f75f9b6aec1f36d2c.png", "media/images/BoundingBoxDebugger_49_060e838e0ff80f53f048.png", "media/images/BoundingBoxDebugger_49_5848a2a8df1a7be35f2e.png", "media/images/BoundingBoxDebugger_49_bce0c6986cf6362ca506.png", "media/images/BoundingBoxDebugger_49_24dd743c87db2bbf6580.png"], "captions": ["6Z2_4605.jpg", "6Z2_4669.jpg", "6Z2_4686.jpg", "6Z2_4699.jpg", "6Z2_4707.jpg", "6Z2_4712.jpg", "6Z2_5109.jpg", "6Z2_5472.jpg", "6Z2_5484.jpg", "6Z2_5578.jpg", "6Z2_5622.jpg", "6Z2_5662.jpg", "6Z2_5682.jpg", "msg465090405-8669.jpg", "msg465090405-8670.jpg"], "all_boxes": [{"predictions": {"_type": "boxes2D", "sha256": "cd1a3a4a39cad4489af6fefc2aaf3bd163dd82ab7d32a4ffda3cee930e7b3304", "size": 1959, "path": "media/metadata/boxes2D/BoundingBoxDebugger_49_cd1a3a4a39cad4489af6.boxes2D.json"}}, {"predictions": {"_type": "boxes2D", "sha256": "c445b549afc05ca59db2213962a1b5f5924302428033a1a133e05ca79ce7a509", "size": 1363, "path": "media/metadata/boxes2D/BoundingBoxDebugger_49_c445b549afc05ca59db2.boxes2D.json"}}, {"predictions": {"_type": "boxes2D", "sha256": "0a8206e9128cc150d5e1847af8ab98125d8d185d352333451cea7c47915bff51", "size": 1756, "path": "media/metadata/boxes2D/BoundingBoxDebugger_49_0a8206e9128cc150d5e1.boxes2D.json"}}, {"predictions": {"_type": "boxes2D", "sha256": "f4969ad060cea8d8d4639876aa2ecc4f9d34f0b71ce7d6dc6a0d4cb91483bdca", "size": 1572, "path": "media/metadata/boxes2D/BoundingBoxDebugger_49_f4969ad060cea8d8d463.boxes2D.json"}}, {"predictions": {"_type": "boxes2D", "sha256": "36b7853401238c39e3ebd441f8e23e3c377d2e11e2becf4385132fe252484a3f", "size": 1186, "path": "media/metadata/boxes2D/BoundingBoxDebugger_49_36b7853401238c39e3eb.boxes2D.json"}}, {"predictions": {"_type": "boxes2D", "sha256": "c11938485a324e02f8cc036ce6365e0d28af0d0a717935fa45adb1e554c14ddd", "size": 1566, "path": "media/metadata/boxes2D/BoundingBoxDebugger_49_c11938485a324e02f8cc.boxes2D.json"}}, {"predictions": {"_type": "boxes2D", "sha256": "509a2d8656383829bd7f44867ff0e0c8b0d5dfab34309db0599abd2053e97e13", "size": 1181, "path": "media/metadata/boxes2D/BoundingBoxDebugger_49_509a2d8656383829bd7f.boxes2D.json"}}, {"predictions": {"_type": "boxes2D", "sha256": "c38bdf2998abe1f81662bd59d69b73a0cdbab34b11c491b6e051bc7c98bb2b90", "size": 417, "path": "media/metadata/boxes2D/BoundingBoxDebugger_49_c38bdf2998abe1f81662.boxes2D.json"}}, {"predictions": {"_type": "boxes2D", "sha256": "cefee48f166c12a6025a0e5425067fa01f564c6d919fbd4d09e93fd99eefbe0e", "size": 996, "path": "media/metadata/boxes2D/BoundingBoxDebugger_49_cefee48f166c12a6025a.boxes2D.json"}}, {"predictions": {"_type": "boxes2D", "sha256": "e1a9014b8382d9d76006367b86c84bfc5bf44119c90e1ad65f34e25b67310abd", "size": 606, "path": "media/metadata/boxes2D/BoundingBoxDebugger_49_e1a9014b8382d9d76006.boxes2D.json"}}, {"predictions": {"_type": "boxes2D", "sha256": "1d9eac9da55dad31a5842384d9f34a733cea79fb098eb70519b206a20dbfcf1e", "size": 788, "path": "media/metadata/boxes2D/BoundingBoxDebugger_49_1d9eac9da55dad31a584.boxes2D.json"}}, {"predictions": {"_type": "boxes2D", "sha256": "0deeb85565627a3ea07d6c8a2f4afd9d9297749c695201da661644a9fd0cef7d", "size": 799, "path": "media/metadata/boxes2D/BoundingBoxDebugger_49_0deeb85565627a3ea07d.boxes2D.json"}}, {"predictions": {"_type": "boxes2D", "sha256": "03f71b34f8073c4dcd0a454f4ebbd9f574453774db07ccd8d036907b1c3cc094", "size": 410, "path": "media/metadata/boxes2D/BoundingBoxDebugger_49_03f71b34f8073c4dcd0a.boxes2D.json"}}, {"predictions": {"_type": "boxes2D", "sha256": "0dbb6e3ac55194f23590f99b97ba5e41b9087b6c09f9f42784b0bc564193d0f0", "size": 801, "path": "media/metadata/boxes2D/BoundingBoxDebugger_49_0dbb6e3ac55194f23590.boxes2D.json"}}, {"predictions": {"_type": "boxes2D", "sha256": "3cf2c15e1dcb7d323fecb3a97138a1632441ff5037d6ff801e67c4c25cb26451", "size": 621, "path": "media/metadata/boxes2D/BoundingBoxDebugger_49_3cf2c15e1dcb7d323fec.boxes2D.json"}}]}, "Validation": {"_type": "images/separated", "width": 1920, "height": 1464, "format": "jpg", "count": 2, "filenames": ["media/images/Validation_50_7cca811db13a5af58f75.jpg", "media/images/Validation_50_a3925e3d8cfefe4316b5.jpg"], "captions": ["val_batch0_labels.jpg", "val_batch0_pred.jpg"]}, "Results": {"_type": "images/separated", "width": 2400, "height": 1200, "format": "png", "count": 6, "filenames": ["media/images/Results_50_4c739852d1dd834fa823.png", "media/images/Results_50_11c130122014682638bd.png", "media/images/Results_50_8824f16a7701a91944c4.png", "media/images/Results_50_89a3342fa8cd330a9411.png", "media/images/Results_50_e33827544f282a7e44c6.png", "media/images/Results_50_a85fc97230acb55589bc.png"], "captions": ["results.png", "confusion_matrix.png", "F1_curve.png", "PR_curve.png", "P_curve.png", "R_curve.png"]}, "_wandb": {"runtime": 696}}