{"best/epoch": 4, "best/precision": 0.0033333333333333335, "best/recall": 0.5, "best/mAP_0.5": 0.07289607376663391, "best/mAP_0.5:0.95": 0.010446531655054764, "Labels": {"_type": "images/separated", "width": 2000, "height": 2000, "format": "jpg", "count": 2, "filenames": ["media/images/Labels_0_9889f9215a7924bbd558.jpg", "media/images/Labels_0_80df96dd5d65ed9ece24.jpg"], "captions": ["labels_correlogram.jpg", "labels.jpg"]}, "train/box_loss": 0.0956609919667244, "train/obj_loss": 0.024656325578689575, "train/cls_loss": 0.0, "metrics/precision": 0.0033333333333333335, "metrics/recall": 0.5, "metrics/mAP_0.5": 0.07289607376663391, "metrics/mAP_0.5:0.95": 0.010446531655054764, "val/box_loss": 0.08440007269382477, "val/obj_loss": 0.018344160169363022, "val/cls_loss": 0.0, "x/lr0": 0.0598192, "x/lr1": 0.0038192, "x/lr2": 0.0038192, "_timestamp": 1657275060, "_runtime": 431, "_step": 4, "Mosaics": {"_type": "images/separated", "width": 1920, "height": 1920, "format": "jpg", "count": 3, "filenames": ["media/images/Mosaics_1_15c20c0f760f560c119c.jpg", "media/images/Mosaics_1_7209ce6047ec821fc82e.jpg", "media/images/Mosaics_1_6f0fe5da284ca000b233.jpg"], "captions": ["train_batch0.jpg", "train_batch1.jpg", "train_batch2.jpg"]}, "BoundingBoxDebugger": {"_type": "images/separated", "width": 672, "height": 672, "format": "png", "count": 5, "filenames": ["media/images/BoundingBoxDebugger_2_356001ffffcd763da591.png", "media/images/BoundingBoxDebugger_2_bfc123b12f79a1fcb16f.png", "media/images/BoundingBoxDebugger_2_8d6b00e30467928d2799.png", "media/images/BoundingBoxDebugger_2_aa5a1fc7982cacf42cb0.png", "media/images/BoundingBoxDebugger_2_44b764d27ae0465fb717.png"], "captions": ["6Z2_4688.jpg", "6Z2_4712.jpg", "6Z2_4767.jpg", "6Z2_4830.jpg", "6Z2_4847.jpg"], "all_boxes": [{"predictions": {"_type": "boxes2D", "sha256": "f5c07ec1f251489c97e3c3123112eb6cedc30df16e96eb007f777e139e98d48e", "size": 71133, "path": "media/metadata/boxes2D/BoundingBoxDebugger_2_f5c07ec1f251489c97e3.boxes2D.json"}}, {"predictions": {"_type": "boxes2D", "sha256": "f82e254d62967d1d9768e3913f9bec2930a1b4e9e444b510fdbd984bfdc71253", "size": 71010, "path": "media/metadata/boxes2D/BoundingBoxDebugger_2_f82e254d62967d1d9768.boxes2D.json"}}, {"predictions": {"_type": "boxes2D", "sha256": "f425d28ca8e803546e132e8880f36a2ee490f18f1b587c91bbe13020224d4e3d", "size": 71050, "path": "media/metadata/boxes2D/BoundingBoxDebugger_2_f425d28ca8e803546e13.boxes2D.json"}}, {"predictions": {"_type": "boxes2D", "sha256": "ff764525736e6369df35946f183e2e448c0c36b29f3d20e9de82a285c2e4dd7e", "size": 71081, "path": "media/metadata/boxes2D/BoundingBoxDebugger_2_ff764525736e6369df35.boxes2D.json"}}, {"predictions": {"_type": "boxes2D", "sha256": "5618506b5d1da91433f54ae2a4522146b2c418a0aa6e2a25e12fb998823937f8", "size": 71132, "path": "media/metadata/boxes2D/BoundingBoxDebugger_2_5618506b5d1da91433f5.boxes2D.json"}}]}}